year,genre,book_title,author_name,translator,editor,book_id,author_id,author2_id,title,image_url,publisher,num_pages,link,isbn,isbn13,publication_year,publication_month,publication_day,ratings_sum,ratings_count,original_publication_year,original_publication_month,original_publication_day
2016,Fiction,The Association of Small Bombs,Karan Mahajan,,,25810398,1856113,,The Association of Small Bombs,https://images.gr-assets.com/books/1441308136l/25810398.jpg,Viking,288,https://www.goodreads.com/book/show/25810398-the-association-of-small-bombs,525429638,9.78053E+12,2016,3,22,24455,6788,2016,3,22
2016,Fiction,The North Water,Ian McGuire,,,25666046,3004686,,The North Water,https://images.gr-assets.com/books/1456351800m/25666046.jpg,Henry Holt and Co.,272,https://www.goodreads.com/book/show/25666046-the-north-water,1627795944,9.78163E+12,2016,3,15,50749,12646,2016,2,11
2016,Fiction,The Underground Railroad,Colson Whitehead,,,30555488,10029,,The Underground Railroad,https://images.gr-assets.com/books/1493178362m/30555488.jpg,Doubleday Books,306,https://www.goodreads.com/book/show/30555488-the-underground-railroad,385542364,9.78039E+12,2016,8,2,333604,82601,2016,8,2
2016,Fiction,The Vegetarian,Han Kang,Deborah Smith,,25489025,4119155,,The Vegetarian,https://images.gr-assets.com/books/1478196580l/25489025.jpg,Hogarth,188,https://www.goodreads.com/book/show/25489025-the-vegetarian,553448188,9.78055E+12,2016,2,2,123594,34421,2007,10,30
2016,Fiction,War and Turpentine,Stefan Hertmans,David McKay,,30078108,824359,,War and Turpentine,https://images.gr-assets.com/books/1462241170l/30078108.jpg,Text Publishing,304,https://www.goodreads.com/book/show/30078108-war-and-turpentine,,9.78193E+12,2016,7,18,16608,4240,2013,9,2
2016,Nonfiction,"At the Existentialist Cafe: Freedom, Being, and Apricot Cocktails",Sarah Bakewell,,,25658482,1191388,,"At the Existentialist CafÌ©: Freedom, Being, and Apricot Cocktails",https://images.gr-assets.com/books/1456742264m/25658482.jpg,Chatto & Windus,440,https://www.goodreads.com/book/show/25658482-at-the-existentialist-caf,701186585,9.7807E+12,2016,3,3,12193,2886,2016,3,
2016,Nonfiction,Dark Money: The Hidden History of the Billionaires Behind the Rise of the Radical Right,Jane Mayer,,,27833494,485392,,Dark Money: The Hidden History of the Billionaires Behind the Rise of the Radical Right,https://images.gr-assets.com/books/1452601408m/27833494.jpg,Doubleday,464,https://www.goodreads.com/book/show/27833494-dark-money,385535600,9.78039E+12,2016,1,19,33121,7622,2016,1,19
2016,Nonfiction,Evicted: Poverty and Profit in the American City,Matthew Desmond,,,25852784,915500,,Evicted: Poverty and Profit in the American City,https://images.gr-assets.com/books/1453060710m/25852784.jpg,Crown,418,https://www.goodreads.com/book/show/25852784-evicted,553447432,9.78055E+12,2016,3,1,69123,15452,2016,3,1
2016,Nonfiction,In the Darkroom,Susan Faludi,,,29370484,117182,,In the Darkroom,https://images.gr-assets.com/books/1457891325m/29370484.jpg,Metropolitan Books,432,https://www.goodreads.com/book/show/29370484-in-the-darkroom,080508908X,9.78081E+12,2016,6,14,6020,1520,2016,6,14
2016,Nonfiction,"The Return: Fathers, Sons and the Land in Between",Hisham Matar,,,28007895,35807,,"The Return: Fathers, Sons, and the Land in Between",https://images.gr-assets.com/books/1457891417m/28007895.jpg,Knopf Canada,288,https://www.goodreads.com/book/show/28007895-the-return,034580774X,9.78035E+12,2016,7,5,8887,2123,2016,6,30
2015,Fiction,The Door,Magda Szabo,Len Rix,,497499,5168929,,The Door,https://images.gr-assets.com/books/1175252169l/497499.jpg,Harvill Press,272,https://www.goodreads.com/book/show/497499.The_Door,1843431939,9.78184E+12,2005,10,20,33464,8242,1987,,
2015,Fiction,A Manual for Cleaning Women: Selected Stories,Lucia Berlin,,Stephen Emerson,22929586,157697,,A Manual for Cleaning Women: Selected Stories,https://images.gr-assets.com/books/1437827518m/22929586.jpg,"Farrar, Straus and Giroux",432,https://www.goodreads.com/book/show/22929586-a-manual-for-cleaning-women,374202397,9.78037E+12,2015,8,18,31893,7661,2015,8,18
2015,Fiction,Outline,Rachel Cusk,,,21400742,46051,,Outline,https://images.gr-assets.com/books/1403832251m/21400742.jpg,Faber & Faber,249,https://www.goodreads.com/book/show/21400742-outline,571233627,9.78057E+12,2014,9,4,22345,6499,2014,9,14
2015,Fiction,The Sellout,Paul Beatty,,,22237161,44076,,The Sellout,https://images.gr-assets.com/books/1403430899l/22237161.jpg,"Farrar, Straus and Giroux",289,https://www.goodreads.com/book/show/22237161-the-sellout,374260508,9.78037E+12,2015,,,95614,25137,2015,,
2015,Fiction,"The Story of the Lost Child: Book 4, The Neapolitan Novels: ""Maturity, Old Age""",Elena Ferrante,Ann Goldstein,,25242224,44085,,"The Story of the Lost Child (The Neapolitan Novels, #4)",https://images.gr-assets.com/books/1499781984m/25242224.jpg,Europa Editions,480,https://www.goodreads.com/book/show/25242224-the-story-of-the-lost-child,1609452860,9.78161E+12,2015,9,1,120926,27561,2014,,
2015,Nonfiction,Between the World and Me,Ta-Nehisi Coates,,,25489625,1214964,,Between the World and Me,https://images.gr-assets.com/books/1451435027m/25489625.jpg,Spiegel & Grau,152,https://www.goodreads.com/book/show/25489625-between-the-world-and-me,812993543,9.78081E+12,2015,7,14,437680,99500,2015,6,
2015,Nonfiction,Empire of Cotton: A Global History,Sven Beckert,,,20758057,97917,,Empire of Cotton: A Global History,https://images.gr-assets.com/books/1400852945m/20758057.jpg,Knopf,640,https://www.goodreads.com/book/show/20758057-empire-of-cotton,375414142,9.78038E+12,2014,12,2,5039,1311,2014,10,21
2015,Nonfiction,H Is for Hawk,Helen Macdonald,,,18803640,314021,,H is for Hawk,https://images.gr-assets.com/books/1442151714l/18803640.jpg,Jonathan Cape,300,https://www.goodreads.com/book/show/18803640-h-is-for-hawk,224097008,9.78022E+12,2014,7,31,139726,37386,2015,2,26
2015,Nonfiction,The Invention of Nature: Alexander von Humboldt's New World,Andrea Wulf,,,23995249,522266,,The Invention of Nature: Alexander von Humboldt's New World,https://images.gr-assets.com/books/1452449264m/23995249.jpg,Knopf,473,https://www.goodreads.com/book/show/23995249-the-invention-of-nature,038535066X,9.78039E+12,2015,9,15,21740,5069,2015,9,15
2015,Nonfiction,One of Us: The Story of Anders Breivik and the Massacre in Norway,Asne Seierstad,Sarah Death,,22237163,769979,,One of Us: The Story of Anders Breivik and the Massacre in Norway,https://images.gr-assets.com/books/1420944739l/22237163.jpg,"Farrar, Straus and Giroux",530,https://www.goodreads.com/book/show/22237163-one-of-us,374277893,9.78037E+12,2015,4,21,18941,4396,2013,1,1
2014,Fiction,ALL THE LIGHT WE CANNOT SEE,Anthony Doerr,,,18143977,28186,,All the Light We Cannot See,https://images.gr-assets.com/books/1451445646m/18143977.jpg,Scribner,531,https://www.goodreads.com/book/show/18143977-all-the-light-we-cannot-see,1476746583,9.78148E+12,2014,5,6,2287999,530482,2014,5,6
2014,Fiction,DEPT. OF SPECULATION,Jenny Offill,,,17402288,33794,,Dept. of Speculation,https://images.gr-assets.com/books/1367929545m/17402288.jpg,Knopf,179,https://www.goodreads.com/book/show/17402288-dept-of-speculation,385350813,9.78039E+12,2014,1,28,89957,24176,2014,1,28
2014,Fiction,EUPHORIA,Lily King,,,18467802,117786,,Euphoria,https://images.gr-assets.com/books/1418788366m/18467802.jpg,Atlantic Monthly Press,261,https://www.goodreads.com/book/show/18467802-euphoria,802122558,9.7808E+12,2014,6,3,183211,47683,2014,6,3
2014,Fiction,FAMILY LIFE,Akhil Sharma,,,22253764,92333,,Family Life,https://images.gr-assets.com/books/1415582645m/22253764.jpg,W. W. Norton  Company,240,https://www.goodreads.com/book/show/22253764-family-life,393350606,9.78039E+12,2015,2,2,24806,7043,2014,4,7
2014,Fiction,REDEPLOYMENT,Phil Klay,,,18114068,7114556,,Redeployment,https://images.gr-assets.com/books/1417987993m/18114068.jpg,Penguin Press,288,https://www.goodreads.com/book/show/18114068-redeployment,1594204993,9.78159E+12,2014,3,4,71161,17903,2014,,
2014,Nonfiction,CAN'T WE TALK ABOUT SOMETHING MORE PLEASANT?,Roz Chast,,,18594409,56952,,Can't We Talk about Something More Pleasant?,https://images.gr-assets.com/books/1421087235m/18594409.jpg,Bloomsbury USA,228,https://www.goodreads.com/book/show/18594409-can-t-we-talk-about-something-more-pleasant,1608198065,9.78161E+12,2014,5,6,80101,19551,2014,5,6
2014,Nonfiction,ON IMMUNITY: An Inoculation,Eula Biss,,,20613511,60913,,On Immunity: An Inoculation,https://images.gr-assets.com/books/1393647576m/20613511.jpg,Graywolf Press,205,https://www.goodreads.com/book/show/20613511-on-immunity,1555976891,9.78156E+12,2014,9,30,24378,6303,2014,9,30
2014,Nonfiction,PENELOPE FITZGERALD: A Life,Hermione Lee,,,17612573,11341,,Penelope Fitzgerald: A Life,https://images.gr-assets.com/books/1371431803m/17612573.jpg,Chatto & Windus,508,https://www.goodreads.com/book/show/17612573-penelope-fitzgerald,701184957,9.7807E+12,2013,11,7,1187,299,2013,11,7
2014,Nonfiction,THE SIXTH EXTINCTION: An Unnatural History,Elizabeth Kolbert,,,17910054,45840,,The Sixth Extinction: An Unnatural History,https://images.gr-assets.com/books/1372677697m/17910054.jpg,Henry Holt and Co. (Georg von Holtzbrinck),319,https://www.goodreads.com/book/show/17910054-the-sixth-extinction,805092994,9.78081E+12,2014,2,11,97985,23956,2014,2,11
2014,Nonfiction,"THIRTEEN DAYS IN SEPTEMBER: Carter, Begin, and Sadat at Camp David",Lawrence Wright,,,21965079,4258,,"Thirteen Days in September: Carter, Begin, and Sadat at Camp David",https://images.gr-assets.com/books/1408925868m/21965079.jpg,Knopf,368,https://www.goodreads.com/book/show/21965079-thirteen-days-in-september,385352034,9.78039E+12,2014,9,16,7829,1891,2014,1,1
2013,Fiction,AMERICANAH,Chimamanda Ngozi Adichie,,,15796700,11291,,Americanah,https://images.gr-assets.com/books/1356654499m/15796700.jpg,Knopf,477,https://www.goodreads.com/book/show/15796700-americanah,307271080,9.78031E+12,2013,5,14,558246,131199,2013,5,14
2013,Fiction,THE FLAMETHROWERS,Rachel Kushner,,,15803141,164139,,The Flamethrowers,https://images.gr-assets.com/books/1387146199m/15803141.jpg,Scribner,383,https://www.goodreads.com/book/show/15803141-the-flamethrowers,1439142009,9.78144E+12,2013,4,2,51303,14824,2013,,
2013,Fiction,THE GOLDFINCH,Donna Tartt,,,17333223,8719,,The Goldfinch,https://images.gr-assets.com/books/1451554970m/17333223.jpg,"Little, Brown",771,https://www.goodreads.com/book/show/17333223-the-goldfinch,316055433,9.78032E+12,2013,10,22,1766326,456286,2013,10,22
2013,Fiction,LIFE AFTER LIFE,Kate Atkinson,,,15790842,10015,,Life After Life,https://images.gr-assets.com/books/1358173808m/15790842.jpg,Reagan Arthur Books,531,https://www.goodreads.com/book/show/15790842-life-after-life,316176486,9.78032E+12,2013,4,2,587631,157127,2013,3,14
2013,Fiction,TENTH OF DECEMBER,George Saunders,,,13641208,8885,,Tenth of December,https://images.gr-assets.com/books/1349967540m/13641208.jpg,Random House,272,https://www.goodreads.com/book/show/13641208-tenth-of-december,812993802,9.78081E+12,2013,1,8,169629,42918,2013,1,3
2013,Nonfiction,"AFTER THE MUSIC STOPPED: The Financial Crisis, the Response, and the Work Ahead",Alan S. Blinder,,,15811560,95232,,"After the Music Stopped: The Financial Crisis, the Response, and the Work Ahead",https://images.gr-assets.com/books/1355917711m/15811560.jpg,Penguin Press,496,https://www.goodreads.com/book/show/15811560-after-the-music-stopped,1594205302,9.78159E+12,2013,1,24,4681,1144,2013,1,24
2013,Nonfiction,DAYS OF FIRE: Bush and Cheney in the White House,Peter Baker,,,17288658,101983,,Days of Fire: Bush and Cheney in the White House,https://images.gr-assets.com/books/1363837099m/17288658.jpg,Doubleday,816,https://www.goodreads.com/book/show/17288658-days-of-fire,385525184,9.78039E+12,2013,10,22,8567,2113,2013,1,1
2013,Nonfiction,FIVE DAYS AT MEMORIAL: Life and Death in a Storm-Ravaged Hospital,Sheri Fink,,,17704902,5783658,,Five Days at Memorial: Life and Death in a Storm-Ravaged Hospital,https://images.gr-assets.com/books/1380120962m/17704902.jpg,Crown,558,https://www.goodreads.com/book/show/17704902-five-days-at-memorial,307718964,9.78031E+12,2013,9,10,65988,17057,2013,9,10
2013,Nonfiction,THE SLEEPWALKERS: How Europe Went to War in 1914,Christopher Clark,,,18669169,7792163,,The Sleepwalkers: How Europe Went to War in 1914,https://images.gr-assets.com/books/1384804367l/18669169.jpg,Penguin,682,https://www.goodreads.com/book/show/18669169-the-sleepwalkers,,,2012,9,27,20630,4930,2012,1,1
2013,Nonfiction,WAVE,Sonali Deraniyagala,,,15771862,6450261,,Wave,https://images.gr-assets.com/books/1362126716l/15771862.jpg,Knopf,274,https://www.goodreads.com/book/show/15771862-wave,,,2013,3,5,48259,13049,2013,,
2012,Fiction,BRING UP THE BODIES,Hilary Mantel,,,13507212,58851,,"Bring Up the Bodies (Thomas Cromwell, #2)",https://images.gr-assets.com/books/1330649655m/13507212.jpg,"Henry Holt & Company, Inc.",407,https://www.goodreads.com/book/show/13507212-bring-up-the-bodies,805090037,9.78081E+12,2012,5,8,218024,51146,2012,5,
2012,Fiction,BUILDING STORIES,Chris Ware,,,13573235,5112,,Building Stories,https://images.gr-assets.com/books/1336846329m/13573235.jpg,Pantheon,260,https://www.goodreads.com/book/show/13573235-building-stories,375424334,9.78038E+12,2012,10,2,23005,5374,2012,10,2
2012,Fiction,A HOLOGRAM FOR THE KING,Dave Eggers,,,13722902,3371,,A Hologram for the King,https://images.gr-assets.com/books/1337179987m/13722902.jpg,McSweeney's,312,https://www.goodreads.com/book/show/13722902-a-hologram-for-the-king,193636574X,9.78194E+12,2012,6,19,74502,22613,2012,6,
2012,Fiction,NW,Zadie Smith,,,13537891,2522,,NW,https://images.gr-assets.com/books/1492591246m/13537891.jpg,Hamish Hamilton,296,https://www.goodreads.com/book/show/13537891-nw,241144140,9.78024E+12,2012,9,4,80251,23542,2012,9,1
2012,Fiction,THE YELLOW BIRDS,Kevin Powers,,,13366259,3140334,,The Yellow Birds,https://images.gr-assets.com/books/1346188518m/13366259.jpg,"Little, Brown and Company",226,https://www.goodreads.com/book/show/13366259-the-yellow-birds,316219363,9.78032E+12,2012,9,6,74674,19954,2012,,
2012,Nonfiction,"BEHIND THE BEAUTIFUL FOREVERS: Life, Death, and Hope in a Mumbai Undercity",Katherine Boo,,,11869272,4992939,,"Behind the Beautiful Forevers: Life, Death, and Hope in a Mumbai Undercity",https://images.gr-assets.com/books/1315601232l/11869272.jpg,Random House,256,https://www.goodreads.com/book/show/11869272-behind-the-beautiful-forevers,1400067553,9.7814E+12,2012,2,7,302208,76075,2012,4,8
2012,Nonfiction,"FAR FROM THE TREE: Parents, Children, and the Search for Identity",Andrew Solomon,,,13547504,8650,,"Far from the Tree: Parents, Children, and the Search for Identity",https://images.gr-assets.com/books/1363008433m/13547504.jpg,Scribner,976,https://www.goodreads.com/book/show/13547504-far-from-the-tree,743236718,9.78074E+12,2012,11,13,55717,13075,2012,11,
2012,Nonfiction,THE PASSAGE OF POWER: The Years of Lyndon Johnson,Robert A. Caro,,,13049569,722,,"The Passage of Power (The Years of Lyndon Johnson, #4)",https://images.gr-assets.com/books/1388185618l/13049569.jpg,Knopf,712,https://www.goodreads.com/book/show/13049569-the-passage-of-power,679405070,9.78068E+12,2012,5,1,41728,9410,2012,1,1
2012,Nonfiction,THE PATRIARCH: The Remarkable Life and Turbulent Times of Joseph P. Kennedy,David Nasaw,,,13588421,3716,,The Patriarch: The Remarkable Life and Turbulent Times of Joseph P. Kennedy,https://images.gr-assets.com/books/1348052012l/13588421.jpg,The Penguin Press,868,https://www.goodreads.com/book/show/13588421-the-patriarch,1594203768,9.78159E+12,2012,11,13,11175,2770,2012,11,1
2012,Nonfiction,WHY DOES THE WORLD EXIST?: An Existential Detective Story,Jim Holt,,,8854815,1418923,,Why Does the World Exist?: An Existential Detective Story,https://images.gr-assets.com/books/1343924778m/8854815.jpg,Liveright Publishing Corporation,279,https://www.goodreads.com/book/show/8854815-why-does-the-world-exist,871404095,9.78087E+12,2012,7,16,19043,5060,2011,2,1
2011,Fiction,THE ART OF FIELDING,Chad Harbach,,,10996342,3452783,,The Art of Fielding,https://images.gr-assets.com/books/1327882787m/10996342.jpg,"Little, Brown and Company",512,https://www.goodreads.com/book/show/10996342-the-art-of-fielding,316126691,9.78032E+12,2011,9,7,352887,88521,2011,9,7
2011,Fiction,11/22/63,Stephen King,,,10644930,3389,,11/22/63,https://images.gr-assets.com/books/1327876792m/10644930.jpg,Scribner,849,https://www.goodreads.com/book/show/10644930-11-22-63,1451627289,9.78145E+12,2011,11,8,1281404,298738,2011,11,8
2011,Fiction,SWAMPLANDIA!,Karen Russell,,,8584686,26417,,Swamplandia!,https://images.gr-assets.com/books/1320536498m/8584686.jpg,Knopf,323,https://www.goodreads.com/book/show/8584686-swamplandia,307263991,9.78031E+12,2011,2,1,138288,43049,2011,1,1
2011,Fiction,TEN THOUSAND SAINTS,Eleanor Henderson,,,9680533,4455701,,Ten Thousand Saints,https://images.gr-assets.com/books/1327935141m/9680533.jpg,Ecco,388,https://www.goodreads.com/book/show/9680533-ten-thousand-saints,62021028,9.78006E+12,2011,6,7,21438,6119,2011,6,1
2011,Fiction,THE TIGER'S WIFE,Tea Obreht,,,8366402,4937879,,The Tiger's Wife,https://images.gr-assets.com/books/1382570044m/8366402.jpg,Random House,338,https://www.goodreads.com/book/show/8366402-the-tiger-s-wife,385343833,9.78039E+12,2011,3,8,255392,75777,2011,3,3
2011,Nonfiction,ARGUABLY: Essays,Christopher Hitchens,,,10383597,3956,,Arguably: Selected Essays,https://images.gr-assets.com/books/1426386037l/10383597.jpg,Signal,816,https://www.goodreads.com/book/show/10383597-arguably,771041411,9.78077E+12,2011,,,30988,7389,2010,,
2011,Nonfiction,THE BOY IN THE MOON: A Father's Journey to Understand His Extraordinary Son,Ian Brown,,,9809455,127037,,The Boy in the Moon: A Father's Journey to Understand His Extraordinary Son,https://images.gr-assets.com/books/1438009146l/9809455.jpg,St. Martin's Press,304,https://www.goodreads.com/book/show/9809455-the-boy-in-the-moon,312671830,9.78031E+12,2011,4,26,5735,1485,2009,4,28
2011,Nonfiction,MALCOLM X: A Life of Reinvention,Manning Marable,,,7940589,107079,,Malcolm X: A Life of Reinvention,https://images.gr-assets.com/books/1347690389l/7940589.jpg,Viking Adult,608,https://www.goodreads.com/book/show/7940589-malcolm-x,670022209,9.78067E+12,2011,4,5,49031,11675,2011,,
2011,Nonfiction,"THINKING, FAST AND SLOW",Daniel Kahneman,,,11468377,72401,,"Thinking, Fast and Slow",https://images.gr-assets.com/books/1317793965m/11468377.jpg,"Farrar, Straus and Giroux",499,https://www.goodreads.com/book/show/11468377-thinking-fast-and-slow,374275637,9.78037E+12,2011,10,25,594390,145725,2011,10,25
2011,Nonfiction,A WORLD ON FIRE: Britain's Crucial Role in the American Civil War,Amanda Foreman,,,8796854,183491,,A World on Fire: Britain's Crucial Role in the American Civil War,https://images.gr-assets.com/books/1333577814m/8796854.jpg,Random House,988,https://www.goodreads.com/book/show/8796854-a-world-on-fire,037550494X,9.78038E+12,2011,6,28,6697,1690,2010,1,1
2010,Fiction,FREEDOM,Jonathan Franzen,,,7905092,2578,,Freedom,https://images.gr-assets.com/books/1316729686l/7905092.jpg,"Farrar, Straus and Giroux",562,https://www.goodreads.com/book/show/7905092-freedom,374158460,9.78037E+12,2010,8,31,483286,129779,2010,8,
2010,Fiction,THE NEW YORKER STORIES,Ann Beattie,,,7841455,6746,,The New Yorker Stories,https://images.gr-assets.com/books/1326700766m/7841455.jpg,Scribner,528,https://www.goodreads.com/book/show/7841455-the-new-yorker-stories,1439168741,9.78144E+12,2010,11,16,3185,835,2010,,
2010,Fiction,ROOM,Emma Donoghue,,,7937843,23613,,Room,https://images.gr-assets.com/books/1344265419l/7937843.jpg,"Little, Brown and Company",321,https://www.goodreads.com/book/show/7937843-room,316098337,9.78032E+12,2010,9,13,2212638,549432,2010,9,13
2010,Fiction,SELECTED STORIES,William Trevor,,,8701280,16002,,Selected Stories,https://images.gr-assets.com/books/1326700286l/8701280.jpg,Viking,576,https://www.goodreads.com/book/show/8701280-selected-stories,670022063,9.78067E+12,2010,11,4,1494,347,2010,10,25
2010,Fiction,A VISIT FROM THE GOON SQUAD,Jennifer Egan,,,7331435,49625,,A Visit from the Goon Squad,https://images.gr-assets.com/books/1356844046m/7331435.jpg,Knopf,288,https://www.goodreads.com/book/show/7331435-a-visit-from-the-goon-squad,307592839,9.78031E+12,2010,6,8,504687,138608,2010,6,8
2010,Nonfiction,APOLLO'S ANGELS: A History of Ballet,Jennifer Homans,,,8268599,4028069,,Apollo's Angels: A History of Ballet,https://images.gr-assets.com/books/1347374575l/8268599.jpg,Random House,643,https://www.goodreads.com/book/show/8268599-apollo-s-angels,1400060605,9.7814E+12,2010,11,2,4956,1259,2010,1,1
2010,Nonfiction,CLEOPATRA: A Life,Stacy Schiff,,,7968243,5741,,Cleopatra: A Life,https://images.gr-assets.com/books/1294098301m/7968243.jpg,"Little, Brown and Company",302,https://www.goodreads.com/book/show/7968243-cleopatra,316001929,9.78032E+12,2010,11,1,276912,76495,2006,9,5
2010,Nonfiction,THE EMPEROR OF ALL MALADIES: A Biography of Cancer,Siddhartha Mukherjee,,,7170627,3032451,,The Emperor of All Maladies: A Biography of Cancer,https://images.gr-assets.com/books/1280771091m/7170627.jpg,Scribner,571,https://www.goodreads.com/book/show/7170627-the-emperor-of-all-maladies,1439107955,9.78144E+12,2010,11,16,226146,52792,2010,,
2010,Nonfiction,"FINISHING THE HAT: Collected Lyrics (1954-1981) With Attendant Comments, Principles, Heresies, _Grudges, Whines and Anecdotes",Stephen Sondheim,,,7769406,85858,,"Finishing the Hat: Collected Lyrics, 1954-1981, With Attendant Comments, Principles, Heresies, Grudges, Whines, and Anecdotes",https://images.gr-assets.com/books/1320542554m/7769406.jpg,Knopf,421,https://www.goodreads.com/book/show/7769406-finishing-the-hat,679439072,9.78068E+12,2010,10,26,6454,1438,2009,10,26
2010,Nonfiction,THE WARMTH OF OTHER SUNS: The Epic Story of America's Great Migration,Isabel Wilkerson,,,8171378,3567958,,The Warmth of Other Suns: The Epic Story of America's Great Migration,https://images.gr-assets.com/books/1433354252m/8171378.jpg,Random House,622,https://www.goodreads.com/book/show/8171378-the-warmth-of-other-suns,679444327,9.78068E+12,2010,9,7,146780,34050,2010,,
2009,Fiction,BOTH WAYS IS THE ONLY WAY I WANT IT,Maile Meloy,,,5948644,10739,,Both Ways is the Only Way I Want It,https://images.gr-assets.com/books/1442664546l/5948644.jpg,Riverhead Books,240,https://www.goodreads.com/book/show/5948644-both-ways-is-the-only-way-i-want-it,159448869X,9.78159E+12,2009,7,9,17043,4479,2009,,
2009,Fiction,CHRONIC CITY,Jonathan Lethem,,,6085191,6404,,Chronic City,https://images.gr-assets.com/books/1348897861l/6085191.jpg,Doubleday,467,https://www.goodreads.com/book/show/6085191-chronic-city,385518633,9.78039E+12,2009,10,13,26554,7565,2009,,
2009,Fiction,A GATE AT THE STAIRS,Lorrie Moore,,,6076387,11746,,A Gate at the Stairs,https://images.gr-assets.com/books/1327909646m/6076387.jpg,Knopf,322,https://www.goodreads.com/book/show/6076387-a-gate-at-the-stairs,375409289,9.78038E+12,2009,9,1,47536,15140,2009,9,1
2009,Fiction,HALF BROKE HORSES: A True-Life Novel,Jeannette Walls,,,6366437,3275,,Half Broke Horses,https://images.gr-assets.com/books/1348507420l/6366437.jpg,Scribner,272,https://www.goodreads.com/book/show/6366437-half-broke-horses,1416586288,9.78142E+12,2009,10,6,479674,118529,2008,10,6
2009,Fiction,A SHORT HISTORY OF WOMEN,Kate Walbert,,,3863987,57415,,A Short History of Women,https://images.gr-assets.com/books/1348278102l/3863987.jpg,Scribner,256,https://www.goodreads.com/book/show/3863987-a-short-history-of-women,1416594981,9.78142E+12,2009,6,16,7990,2589,2009,5,31
2009,Nonfiction,THE AGE OF WONDER: How the Romantic Generation Discovered the Beauty and Terror of Science,Richard Holmes,,,4371507,31054,,The Age of Wonder: How the Romantic Generation Discovered the Beauty and Terror of Science,https://images.gr-assets.com/books/1328477467m/4371507.jpg,HarperPress,380,https://www.goodreads.com/book/show/4371507-the-age-of-wonder,7149522,9.78001E+12,2009,7,14,28731,7247,2008,10,1
2009,Nonfiction,THE GOOD SOLDIERS,David Finkel,,,6633912,64736,,The Good Soldiers,https://images.gr-assets.com/books/1442327825l/6633912.jpg,Sarah Crichton Books,287,https://www.goodreads.com/book/show/6633912-the-good-soldiers,374165734,9.78037E+12,2009,9,15,25572,6042,2009,1,1
2009,Nonfiction,LIT: A Memoir,Mary Karr,,,6340016,8865,,Lit,https://images.gr-assets.com/books/1439526383l/6340016.jpg,Harper,400,https://www.goodreads.com/book/show/6340016-lit,60596988,9.78006E+12,2009,11,3,75024,19350,2008,11,3
2009,Nonfiction,LORDS OF FINANCE: The Bankers Who Broke the World,Liaquat Ahamed,,,6025160,1889150,,Lords of Finance: The Bankers Who Broke the World,https://images.gr-assets.com/books/1441544240l/6025160.jpg,Penguin Press,564,https://www.goodreads.com/book/show/6025160-lords-of-finance,159420182X,9.78159E+12,2009,1,22,38503,9658,2009,,
2009,Nonfiction,RAYMOND CARVER: A Writer's Life,Carol Sklenicka,,,5789689,320918,,Raymond Carver: A Writer's Life,https://images.gr-assets.com/books/1274275666l/5789689.jpg,Scribner,592,https://www.goodreads.com/book/show/5789689-raymond-carver,074326245X,9.78074E+12,2009,11,24,2326,552,2009,9,8
2008,Fiction,DANGEROUS LAUGHTER: Thirteen Stories,Steven Millhauser,,,1540810,12589,,Dangerous Laughter,https://images.gr-assets.com/books/1437485127l/1540810.jpg,Alfred A. Knopf,244,https://www.goodreads.com/book/show/1540810.Dangerous_Laughter,307267563,9.78031E+12,2008,2,12,7220,1899,2008,,
2008,Fiction,A MERCY,Toni Morrison,,,3009435,3534,,A Mercy,https://images.gr-assets.com/books/1439037000l/3009435.jpg,Knopf,167,https://www.goodreads.com/book/show/3009435-a-mercy,307264238,9.78031E+12,2008,11,11,58351,15973,2008,,
2008,Fiction,NETHERLAND,Joseph O'Neill,,,2615008,389474,,Netherland,https://images.gr-assets.com/books/1344205853l/2615008.jpg,Pantheon,269,https://www.goodreads.com/book/show/2615008-netherland,307377040,9.78031E+12,2008,5,20,53319,15659,2008,1,1
2008,Fiction,2666,Roberto Bolano,Natasha Wimmer,,63032,72039,,2666,https://images.gr-assets.com/books/1412644327m/63032.jpg,Anagrama,1126,https://www.goodreads.com/book/show/63032.2666,843396867X,9.78843E+12,2006,2,28,92596,22040,2004,,
2008,Fiction,UNACCUSTOMED EARTH ,Jhumpa Lahiri,,,85301,3670,,Unaccustomed Earth,https://images.gr-assets.com/books/1320398140l/85301.jpg,Knopf,352,https://www.goodreads.com/book/show/85301.Unaccustomed_Earth,676979343,9.78068E+12,2008,,,276069,67166,2008,,
2008,Nonfiction,THE DARK SIDE: The Inside Story of How the War on Terror Turned Into a War on American Ideals,Jane Mayer,,,3280003,485392,,The Dark Side: The Inside Story of How the War on Terror Turned Into a War on American Ideals,https://images.gr-assets.com/books/1442764560l/3280003.jpg,Doubleday,335,https://www.goodreads.com/book/show/3280003-the-dark-side,385526393,9.78039E+12,2008,7,15,13709,3287,2008,7,15
2008,Nonfiction,THE FOREVER WAR,Dexter Filkins,,,2517439,1088758,,The Forever War,https://images.gr-assets.com/books/1320478597m/2517439.jpg,"Borzoi Books/Alfred A. Knopf, Inc.",342,https://www.goodreads.com/book/show/2517439.The_Forever_War,307266397,9.78031E+12,2008,9,16,31974,7783,2008,,
2008,Nonfiction,NOTHING TO BE FRIGHTENED OF,Julian Barnes,,,2982466,1462,,Nothing to Be Frightened Of,https://images.gr-assets.com/books/1320552162l/2982466.jpg,Knopf,243,https://www.goodreads.com/book/show/2982466-nothing-to-be-frightened-of,307269639,9.78031E+12,2008,9,2,11302,2946,2008,,
2008,Nonfiction,THIS REPUBLIC OF SUFFERING: Death and the American Civil War,Drew Gilpin Faust,,,1283566,288,,This Republic of Suffering: Death and the American Civil War,https://images.gr-assets.com/books/1320418642m/1283566.jpg,Alfred A. Knopf,346,https://www.goodreads.com/book/show/1283566.This_Republic_of_Suffering,037540404X,9.78038E+12,2008,1,8,18424,4617,2008,1,1
2008,Nonfiction,THE WORLD IS WHAT IT IS: The Authorized Biography of V. S. Naipaul,Patrick French,,,3006513,115110,,The World Is What It Is: The Authorized Biography of V.S. Naipaul,https://images.gr-assets.com/books/1320516336l/3006513.jpg,Knopf,554,https://www.goodreads.com/book/show/3006513-the-world-is-what-it-is,1400044057,9.7814E+12,2008,11,4,1418,347,2008,1,1
2007,Fiction,MAN GONE DOWN,Michael Thomas,,,79420,45142,,Man Gone Down,https://images.gr-assets.com/books/1442969366l/79420.jpg,Black Cat,432,https://www.goodreads.com/book/show/79420.Man_Gone_Down,802170293,9.7808E+12,2006,12,7,4150,1292,2006,12,7
2007,Fiction,OUT STEALING HORSES,Per Petterson,Anne Born,,398323,225944,,Out Stealing Horses,https://images.gr-assets.com/books/1317791439m/398323.jpg,Graywolf Press,258,https://www.goodreads.com/book/show/398323.Out_Stealing_Horses,1555974708,9.78156E+12,2007,4,17,86196,22748,2003,1,1
2007,Fiction,THE SAVAGE DETECTIVES,Roberto Bolano,Natasha Wimmer,,63033,72039,,The Savage Detectives,https://images.gr-assets.com/books/1342651149l/63033.jpg,"Farrar, Straus and Giroux",577,https://www.goodreads.com/book/show/63033.The_Savage_Detectives,374191484,9.78037E+12,2007,4,3,95097,23245,1998,,
2007,Fiction,THEN WE CAME TO THE END,Joshua Ferris,,,97782,56223,,Then We Came to the End,https://images.gr-assets.com/books/1442800496l/97782.jpg,"Little, Brown and Company",387,https://www.goodreads.com/book/show/97782.Then_We_Came_to_the_End,316016381,9.78032E+12,2007,3,1,96778,28033,2007,,
2007,Fiction,TREE OF SMOKE,Denis Johnson,,,271074,6468,,Tree of Smoke,https://images.gr-assets.com/books/1480095525m/271074.jpg,"Farrar, Straus and Giroux",614,https://www.goodreads.com/book/show/271074.Tree_of_Smoke,374279128,9.78037E+12,2007,9,4,28337,7930,2004,9,4
2007,Fiction,IMPERIAL LIFE IN THE EMERALD CITY: Inside Iraq's Green Zone,Rajiv Chandrasekaran,,,22121,12623,,Imperial Life in the Emerald City: Inside Iraq's Green Zone,https://images.gr-assets.com/books/1388184155l/22121.jpg,Knopf,320,https://www.goodreads.com/book/show/22121.Imperial_Life_in_the_Emerald_City,1400044871,9.7814E+12,2006,9,19,19693,4905,2006,,
2007,Nonfiction,LITTLE HEATHENS: Hard Times and High Spirits on an Iowa Farm During the Great Depression,Mildred Armstrong,,,771858,406306,,Little Heathens: Hard Times and High Spirits on an Iowa Farm During the Great Depression,https://images.gr-assets.com/books/1320497876l/771858.jpg,Bantam,304,https://www.goodreads.com/book/show/771858.Little_Heathens,553804952,9.78055E+12,2007,5,29,18648,5063,2007,1,1
2007,Nonfiction,THE NINE: Inside the Secret World of the Supreme Court,Jeffrey Toobin,,,280410,163130,,The Nine: Inside the Secret World of the Supreme Court,https://images.gr-assets.com/books/1441671544l/280410.jpg,Doubleday,384,https://www.goodreads.com/book/show/280410.The_Nine,385516401,9.78039E+12,2007,9,18,55074,13553,2007,,
2007,Nonfiction,THE ORDEAL OF ELIZABETH MARSH: A Woman in World History,Linda Colley,,,382787,93779,,The Ordeal of Elizabeth Marsh: A Woman in World History,https://images.gr-assets.com/books/1438585423l/382787.jpg,Pantheon,363,https://www.goodreads.com/book/show/382787.The_Ordeal_of_Elizabeth_Marsh,037542153X,9.78038E+12,2007,9,4,1171,349,2007,,
2007,Nonfiction,THE REST IS NOISE: Listening to the Twentieth Century,Alex Ross,,,392563,2870641,,The Rest Is Noise: Listening to the Twentieth Century,https://images.gr-assets.com/books/1311973474m/392563.jpg,"Farrar, Straus and Giroux",640,https://www.goodreads.com/book/show/392563.The_Rest_Is_Noise,374249393,9.78037E+12,2007,10,16,40283,9872,2007,,
2006,Fiction,ABSURDISTAN,Gary Shteyngart,,,70509,12437,,Absurdistan,https://images.gr-assets.com/books/1486266465m/70509.jpg,Random House Trade Paperbacks,333,https://www.goodreads.com/book/show/70509.Absurdistan,812971671,9.78081E+12,2007,4,3,38488,11686,2006,,
2006,Fiction,THE COLLECTED STORIES OF AMY HEMPEL,Amy Hempel,,,33299,18710,,The Collected Stories,https://images.gr-assets.com/books/1388183911l/33299.jpg,Scribner Book Company,409,https://www.goodreads.com/book/show/33299.The_Collected_Stories,743289463,9.78074E+12,2006,5,9,23942,5618,2006,5,9
2006,Fiction,THE EMPEROR'S CHILDREN,Claire Messud,,,3648,2508,,The Emperor's Children,https://images.gr-assets.com/books/1320497348m/3648.jpg,Knopf,431,https://www.goodreads.com/book/show/3648.The_Emperor_s_Children,030726419X,9.78031E+12,2006,8,29,51210,17490,2006,8,29
2006,Fiction,THE LAY OF THE LAND,Richard Ford,,,12372,7849,,The Lay of the Land,https://images.gr-assets.com/books/1386919608l/12372.jpg,Knopf,496,https://www.goodreads.com/book/show/12372.The_Lay_of_the_Land,679454683,9.78068E+12,2006,10,24,13189,3381,2006,1,1
2006,Fiction,SPECIAL TOPICS IN CALAMITY PHYSICS,Marisha Pessl,,,3483,2362,,Special Topics in Calamity Physics,https://images.gr-assets.com/books/1442699779l/3483.jpg,Penguin Books Ltd,514,https://www.goodreads.com/book/show/3483.Special_Topics_in_Calamity_Physics,067003777X,9.78067E+12,2006,8,3,126240,34083,2006,1,1
2006,Nonfiction,FALLING THROUGH THE EARTH: A Memoir,Danielle Trussoni,,,76339,43393,,Falling Through the Earth,https://images.gr-assets.com/books/1311986308l/76339.jpg,Picador,240,https://www.goodreads.com/book/show/76339.Falling_Through_the_Earth,312426569,9.78031E+12,2007,2,20,2777,746,2006,,
2006,Nonfiction,THE LOOMING TOWER: Al-Qaeda and the Road to 9/11,Lawrence Wright,,,110890,4258,,The Looming Tower: Al-Qaeda and the Road to 9/11,https://images.gr-assets.com/books/1320471617l/110890.jpg,Knopf,373,https://www.goodreads.com/book/show/110890.The_Looming_Tower,037541486X,9.78038E+12,2006,8,8,65030,14847,2006,,
2006,Nonfiction,"MAYFLOWER: A Story of Courage, Community, and War",Nathaniel Philbrick,,,4820,1641,,"Mayflower: A Story of Courage, Community, and War",https://images.gr-assets.com/books/1474488130m/4820.jpg,Viking,461,https://www.goodreads.com/book/show/4820.Mayflower,670037605,9.78067E+12,2006,5,9,105042,27199,2006,1,1
2006,Nonfiction,THE OMNIVORE'S DILEMMA: A Natural History of Four Meals,Michael Pollan,,,3109,2121,,The Omnivore's Dilemma: A Natural History of Four Meals,https://images.gr-assets.com/books/1393804353l/3109.jpg,The Penguin Press,451,https://www.goodreads.com/book/show/3109.The_Omnivore_s_Dilemma,1594200823,9.78159E+12,2006,,,611681,146568,2006,,
2006,Nonfiction,THE PLACES IN BETWEEN,Rory Stewart,,,95643,16203,,The Places in Between,https://images.gr-assets.com/books/1441325982l/95643.jpg,Mariner Books,299,https://www.goodreads.com/book/show/95643.The_Places_in_Between,156031566,9.78016E+12,2006,5,8,45935,11845,2004,,
2005,Fiction,KAFKA ON THE SHORE,Haruki Murakami,Philip Gabriel,,4929,3354,,Kafka on the Shore,https://images.gr-assets.com/books/1429638085l/4929.jpg,Vintage International,467,https://www.goodreads.com/book/show/4929.Kafka_on_the_Shore,1400079276,9.7814E+12,2006,1,3,792363,191963,2002,,
2005,Fiction,ON BEAUTY,Zadie Smith,,,3679,2522,,On Beauty,https://images.gr-assets.com/books/1495961870m/3679.jpg,Penguin Books,445,https://www.goodreads.com/book/show/3679.On_Beauty,143037749,9.78014E+12,2006,8,29,181122,49187,2005,6,4
2005,Fiction,PREP,Curtis Sittenfeld,,,9844,6429,,Prep,https://images.gr-assets.com/books/1386925666l/9844.jpg,Random House Trade Paperbacks,420,https://www.goodreads.com/book/show/9844.Prep,081297235X,9.78081E+12,2005,11,22,177512,52888,2005,,
2005,Fiction,SATURDAY,Ian McEwan,,,5015,2408,,Saturday,https://images.gr-assets.com/books/1431501825l/5015.jpg,Anchor,289,https://www.goodreads.com/book/show/5015.Saturday,1400076196,9.7814E+12,2006,4,11,176984,48976,2005,,
2005,Fiction,VERONICA,Mary Gaitskill,,,22259,11214,,Veronica,https://images.gr-assets.com/books/1495343629l/22259.jpg,Pantheon,240,https://www.goodreads.com/book/show/22259.Veronica,375421459,9.78038E+12,2005,10,11,14457,4300,2005,10,11
2005,Nonfiction,THE ASSASSINS' GATE: America in Iraq,George Packer,,,87119,49986,,The Assassins' Gate: America in Iraq,https://images.gr-assets.com/books/1441331477l/87119.jpg,"Farrar, Straus and Giroux",512,https://www.goodreads.com/book/show/87119.The_Assassins_Gate,374530556,9.78037E+12,2006,9,19,9845,2432,2005,9,22
2005,Nonfiction,DE KOONING: An American Master,Mark Stevens and Annalyn Swan,,,2557,1746,1745,De Kooning: An American Master,https://images.gr-assets.com/books/1390614124l/2557.jpg,Alfred A. Knopf,732,https://www.goodreads.com/book/show/2557.De_Kooning,375711163,9.78038E+12,2006,4,4,9868,2410,2004,,
2005,Nonfiction,THE LOST PAINTING,Jonathan Harr,,,27398,7519,,The Lost Painting,https://images.gr-assets.com/books/1388187150l/27398.jpg,Random House Trade Paperbacks,320,https://www.goodreads.com/book/show/27398.The_Lost_Painting,375759867,9.78038E+12,2006,11,7,71733,19326,2005,,
2005,Nonfiction,POSTWAR: A History of Europe Since 1945,Tony Judt,,,29658,16708,,Postwar: A History of Europe Since 1945,https://images.gr-assets.com/books/1388276992l/29658.jpg,Penguin Books,933,https://www.goodreads.com/book/show/29658.Postwar,143037757,9.78014E+12,2006,9,5,28792,6652,1999,10,18
2005,Nonfiction,THE YEAR OF MAGICAL THINKING,Joan Didion,,,7815,238,,The Year of Magical Thinking,https://images.gr-assets.com/books/1327878638m/7815.jpg,Vintage,227,https://www.goodreads.com/book/show/7815.The_Year_of_Magical_Thinking,1400078431,9.7814E+12,2007,2,13,378823,98200,2005,9,1
2003,Nonfiction,THE BOUNTY: The True Story of the Mutiny on the Bounty,Caroline Alexander,,,335795,59027,,The Bounty: The True Story of the Mutiny on the Bounty,https://images.gr-assets.com/books/1408923288l/335795.jpg,HarperPerennial,552,https://www.goodreads.com/book/show/335795.The_Bounty,6532462,9.78001E+12,2004,,,13421,3388,2003,9,15
2003,Fiction,BRICK LANE,Monica Ali,,,18723,11271,,Brick Lane,https://images.gr-assets.com/books/1433730686l/18723.jpg,Scribner,432,https://www.goodreads.com/book/show/18723.Brick_Lane,743243315,9.78074E+12,2004,6,2,78832,23301,2003,,
2003,Fiction,DROP CITY,Coraghessan Boyle,,,24724,1064072,,Drop City,https://images.gr-assets.com/books/1327936131m/24724.jpg,Penguin Books,497,https://www.goodreads.com/book/show/24724.Drop_City,142003808,9.78014E+12,2004,1,27,38060,9927,2003,,
2003,Fiction,THE FORTRESS OF SOLITUDE,Jonathan Lethem,,,9799,6404,,The Fortress of Solitude,https://images.gr-assets.com/books/1418677318m/9799.jpg,Faber and Faber,528,https://www.goodreads.com/book/show/9799.The_Fortress_of_Solitude,571219357,9.78057E+12,2005,1,6,69611,17976,2003,9,16
2003,Nonfiction,KHRUSHCHEV: The Man and His Era,William Taubman,,,334050,104203,,Khrushchev: The Man and His Era,https://images.gr-assets.com/books/1388250699l/334050.jpg,W. W. Norton  Company,896,https://www.goodreads.com/book/show/334050.Khrushchev,393324842,9.78039E+12,2004,4,17,3310,828,2003,3,1
2003,Fiction,THE KNOWN WORLD,Edward P. Jones,,,67,33,,The Known World,https://images.gr-assets.com/books/1388251511l/67.jpg,Amistad,432,https://www.goodreads.com/book/show/67.The_Known_World,61159174,9.78006E+12,2006,8,29,111722,29241,2003,1,1
2003,Fiction,LIVING TO TELL THE TALE,Gabriel Garcia Marquez,Edith Grossman,,4392,13450,,Living to Tell the Tale,https://images.gr-assets.com/books/1413192532l/4392.jpg,Unknown,496,https://www.goodreads.com/book/show/4392.Living_to_Tell_the_Tale,141019425,9.78014E+12,2005,1,27,28620,7221,2002,,
2003,Nonfiction,"RANDOM FAMILY: Love, Drugs, Trouble, and Coming of Age in the Bronx",Adrian Nicole LeBlanc,,,385255,13929,,"Random Family: Love, Drugs, Trouble, and Coming of Age in the Bronx",https://images.gr-assets.com/books/1442198039l/385255.jpg,Scribner,432,https://www.goodreads.com/book/show/385255.Random_Family,743254430,9.78074E+12,2004,2,10,40250,9510,2003,1,28
2003,Nonfiction,SAMUEL PEPYS: The Unequalled Self,Claire Tomalin,,,333295,18514,,Samuel Pepys: The Unequalled Self,https://images.gr-assets.com/books/1320496252m/333295.jpg,Vintage,528,https://www.goodreads.com/book/show/333295.Samuel_Pepys,375725539,9.78038E+12,2003,11,11,7647,1839,2002,1,1
2002,Nonfiction,ANTHONY BLUNT: His Lives,Miranda Carter,,,833266,7499942,,Anthony Blunt: His Lives,https://images.gr-assets.com/books/1312010454m/833266.jpg,Farrar Straus Giroux,592,https://www.goodreads.com/book/show/833266.Anthony_Blunt,374105316,9.78037E+12,2002,1,15,584,144,2001,11,9
2002,Fiction,ATONEMENT,Ian McEwan,,,6867,2408,,Atonement,https://images.gr-assets.com/books/1320449708l/6867.jpg,Anchor Books,351,https://www.goodreads.com/book/show/6867.Atonement,038572179X,9.78039E+12,2003,2,25,1407599,363350,2001,,
2002,Nonfiction,BAD BLOOD,Lorna Sage,,,179684,104668,,Bad Blood,https://images.gr-assets.com/books/1348789416l/179684.jpg,HarperCollins,281,https://www.goodreads.com/book/show/179684.Bad_Blood,60938080,9.78006E+12,2003,2,18,3369,968,2000,,
2002,Fiction,MIDDLESEX,Jeffrey Eugenides,,,2187,1467,,Middlesex,https://images.gr-assets.com/books/1437029776l/2187.jpg,Picador,529,https://www.goodreads.com/book/show/2187.Middlesex,312422156,9.78031E+12,2002,9,16,2006686,504667,2002,,
2002,Nonfiction,PARIS 1919: Six Months That Changed the World,Margaret MacMillan,,,26348,6366,,Paris 1919: Six Months That Changed the World,https://images.gr-assets.com/books/1386924766l/26348.jpg,Random House Trade Paperbacks,570,https://www.goodreads.com/book/show/26348.Paris_1919,375760520,9.78038E+12,2003,9,9,32954,8080,2001,9,6
2002,Fiction,ROSCOE,William Kennedy,,,765047,26090,,Roscoe,https://images.gr-assets.com/books/1347608645l/765047.jpg,Penguin Books,304,https://www.goodreads.com/book/show/765047.Roscoe,142001732,9.78014E+12,2002,11,26,1443,381,2002,,
2002,Nonfiction,SEEING IN THE DARK: How Backyard Stargazers Are Probing Deep Space and Guarding Earth From Interplanetary Peril,Timothy Ferris,,,310328,4220886,,Seeing in the Dark : How Amateur Astronomers Are Discovering the Wonders of the Universe,https://images.gr-assets.com/books/1344400133l/310328.jpg,Simon & Schuster,400,https://www.goodreads.com/book/show/310328.Seeing_in_the_Dark_,684865807,9.78068E+12,2003,7,8,1388,341,2002,,
2001,Fiction,AUSTERLITZ,W. G. Sebald,,,88442,6580622,,Austerlitz,https://images.gr-assets.com/books/1327920142m/88442.jpg,Penguin Books Ltd,415,https://www.goodreads.com/book/show/88442.Austerlitz,140297995,9.78014E+12,2002,7,4,39381,9757,2001,,
2001,Nonfiction,BORROWED FINERY: A Memoir,Paula Fox,,,172050,43740,,Borrowed Finery: A Memoir,https://images.gr-assets.com/books/1426217899l/172050.jpg,Picador,224,https://www.goodreads.com/book/show/172050.Borrowed_Finery,312425198,9.78031E+12,2005,11,12,1770,493,2000,9,5
2001,Fiction,THE CORRECTIONS,Jonathan Franzen,,,3805,2578,,The Corrections,https://images.gr-assets.com/books/1355011305m/3805.jpg,Fourth Estate Paperbacks,653,https://www.goodreads.com/book/show/3805.The_Corrections,1841156736,9.78184E+12,2002,9,2,491880,130210,2001,9,
2001,Fiction,"HATESHIP, FRIENDSHIP, COURTSHIP, LOVESHIP, MARRIAGE: Stories",Alice Munro,,,111126,6410,,"Hateship, Friendship, Courtship, Loveship, Marriage: Stories",https://images.gr-assets.com/books/1494106094m/111126.jpg,Vintage,323,https://www.goodreads.com/book/show/111126.Hateship_Friendship_Courtship_Loveship_Marriage,375727434,9.78038E+12,2002,10,8,51252,12639,2001,,
2001,Nonfiction,JOHN ADAMS,David McCullough,,,2203,6281688,,John Adams,https://images.gr-assets.com/books/1478144278m/2203.jpg,Simon & Schuster Paperbacks,751,https://www.goodreads.com/book/show/2203.John_Adams,743223136,9.78074E+12,2001,5,22,880289,217155,2001,,
2001,Fiction,JOHN HENRY DAYS,Colson Whitehead,,,16276,10029,,John Henry Days,https://images.gr-assets.com/books/1388219049l/16276.jpg,Anchor,400,https://www.goodreads.com/book/show/16276.John_Henry_Days,385498209,9.78039E+12,2002,5,14,6123,1677,2001,,
2001,Nonfiction,THE METAPHYSICAL CLUB,Louis Menand,,,28202,15874,,The Metaphysical Club,https://images.gr-assets.com/books/1348603592l/28202.jpg,HarperCollins Publishers,560,https://www.goodreads.com/book/show/28202.The_Metaphysical_Club,7126905,9.78001E+12,2010,2,1,14081,3455,2001,5,1
2001,Fiction,TRUE HISTORY OF THE KELLY GANG,Peter Carey,,,110090,22595,,True History of the Kelly Gang,https://images.gr-assets.com/books/1440509588l/110090.jpg,Vintage,384,https://www.goodreads.com/book/show/110090.True_History_of_the_Kelly_Gang,375724672,9.78038E+12,2001,12,4,60094,15803,2000,,
2001,Nonfiction,UNCLE TUNGSTEN: Memories of a Chemical Boyhood,Oliver Sacks,,,64664,843200,,Uncle Tungsten,https://images.gr-assets.com/books/1347311078l/64664.jpg,Picador,337,https://www.goodreads.com/book/show/64664.Uncle_Tungsten,330390287,9.78033E+12,2002,8,23,16499,4171,2001,,
2000,Fiction,BEING DEAD ,Jim Crace,,,92559,13843,,Being Dead,https://images.gr-assets.com/books/1362225657l/92559.jpg,Picador USA,196,https://www.goodreads.com/book/show/92559.Being_Dead,312275420,9.78031E+12,1999,,,14353,3878,1999,1,1
2000,Fiction,BEOWULF: A New Verse Translation,Seamus Heaney,,,52357,29574,,Beowulf,https://images.gr-assets.com/books/1327878125l/52357.jpg,W.W. Norton & Company,213,https://www.goodreads.com/book/show/52357.Beowulf,393320979,9.78039E+12,2001,2,17,625235,182900,975,,
2000,Nonfiction,GENOME: The Autobiography of a Species in 23 Chapters,Matt Ridley,,,4591,3151,,Genome: the Autobiography of a Species in 23 Chapters,https://images.gr-assets.com/books/1439697027l/4591.jpg,Harper Perennial,344,https://www.goodreads.com/book/show/4591.Genome,60894083,9.78006E+12,2006,5,30,75138,18695,1999,,
2000,Fiction,GERTRUDE AND CLAUDIUS,John Updike,,,98160,6878,,Gertrude and Claudius,https://images.gr-assets.com/books/1485989495m/98160.jpg,Penguin,224,https://www.goodreads.com/book/show/98160.Gertrude_and_Claudius,140290907,9.78014E+12,2001,7,5,6332,1793,2000,1,1
2000,Fiction,A HEARTBREAKING WORK OF STAGGERING GENIUS,Dave Eggers,,,4953,3371,,A Heartbreaking Work of Staggering Genius,https://images.gr-assets.com/books/1327714834l/4953.jpg,Vintage,485,https://www.goodreads.com/book/show/4953.A_Heartbreaking_Work_of_Staggering_Genius,375725784,9.78038E+12,2001,2,13,547596,148984,2000,2,17
2000,Fiction,THE HUMAN STAIN,Philip Roth,,,11734,463,,"The Human Stain (The American Trilogy, #3)",https://images.gr-assets.com/books/1308953496l/11734.jpg,Vintage,384,https://www.goodreads.com/book/show/11734.The_Human_Stain,99282194,9.7801E+12,2001,4,5,99008,25789,2000,,
2000,Nonfiction,"ONE PALESTINE, COMPLETE: Jews and Arabs Under the British Mandate",Tom Segev,,,57545,32472,,"One Palestine, Complete: Jews and Arabs Under the British Mandate",https://images.gr-assets.com/books/1406856867l/57545.jpg,Picador,640,https://www.goodreads.com/book/show/57545.One_Palestine_Complete,805065873,9.78081E+12,2001,10,1,1512,384,1999,,
2000,Nonfiction,RIMBAUD,Graham Robb,,,148190,35444,,Rimbaud: A Biography,https://images.gr-assets.com/books/1347767868l/148190.jpg,W. W. Norton  Company,592,https://www.goodreads.com/book/show/148190.Rimbaud,039332267X,9.78039E+12,2001,12,17,3232,769,2000,,
2000,Nonfiction,"WAY OUT THERE IN THE BLUE: Reagan, Star Wars and the End of the Cold War",Frances FitzGerald,,,310844,125706,,"Way Out There in the Blue: Reagan, Star Wars and the End of the Cold War",https://images.gr-assets.com/books/1347284918l/310844.jpg,Simon & Schuster,592,https://www.goodreads.com/book/show/310844.Way_Out_There_in_the_Blue,743200233,9.78074E+12,2001,3,12,319,87,2000,,
2000,Fiction,WHITE TEETH,Zadie Smith,,,3711,2522,,White Teeth,https://images.gr-assets.com/books/1374739885l/3711.jpg,"Vintage International / Vintage Books, A Division of Random House, Inc.",448,https://www.goodreads.com/book/show/3711.White_Teeth,375703861,9.78038E+12,2001,6,12,335226,89510,1999,5,19
1999,Nonfiction,"AN AFFAIR OF STATE : The Investigation, Impeachment, and Trial of President Clinton",Richard A. Posner,,,726514,21426,,"An Affair of State: The Investigation, Impeachment, and Trial of President Clinton",https://images.gr-assets.com/books/1348074887l/726514.jpg,Harvard University Press,288,https://www.goodreads.com/book/show/726514.An_Affair_of_State,674003918,9.78067E+12,2000,11,1,155,46,1999,,
1999,Fiction,CLOSE RANGE: Wyoming Stories,Annie Proulx,,,27999,1262010,,Close Range,https://images.gr-assets.com/books/1442895695l/27999.jpg,Scribner,285,https://www.goodreads.com/book/show/27999.Close_Range,684852225,9.78068E+12,2000,2,10,48715,12198,1999,,
1999,Nonfiction,"COLERIDGE: Darker Reflections, 1804-1834",Richard Holmes,,,451464,31054,,"Coleridge: Darker Reflections, 1804-1834",https://images.gr-assets.com/books/1174882493l/451464.jpg,Pantheon,656,https://www.goodreads.com/book/show/451464.Coleridge,375708383,9.78038E+12,2000,2,29,625,138,1995,,
1999,Fiction,DISGRACE,J. M. Coetzee,,,6192,4128,,Disgrace,https://images.gr-assets.com/books/1385161943l/6192.jpg,Penguin Books,220,https://www.goodreads.com/book/show/6192.Disgrace,143036378,9.78014E+12,2005,8,30,236087,61617,1999,,
1999,Nonfiction,THE FEELING OF WHAT HAPPENS: Body and Emotion in the Making of Consciousness,Antonio R. Damasio,,,125777,60033,,The Feeling of What Happens: Body and Emotion in the Making of Consciousness,https://images.gr-assets.com/books/1347406237l/125777.jpg,Mariner Books,400,https://www.goodreads.com/book/show/125777.The_Feeling_of_What_Happens,156010755,9.78016E+12,2000,10,10,11125,2795,1999,,
1999,Nonfiction,THE FIRST WORLD WAR,John Keegan,,,8914,4619485,,The First World War,https://images.gr-assets.com/books/1403194704m/8914.jpg,Vintage,475,https://www.goodreads.com/book/show/8914.The_First_World_War,375700455,9.78038E+12,2000,5,16,38294,9577,1998,,
1999,Fiction,HEADLONG,Michael Frayn,,,132245,57501,,Headlong,https://images.gr-assets.com/books/1348369877l/132245.jpg,Faber and Faber,400,https://www.goodreads.com/book/show/132245.Headlong,571225586,9.78057E+12,2005,,,9271,2543,1999,,
1999,Nonfiction,MORGAN: American Financier,Jean Strouse,,,1325761,162702,,Morgan: American Financier,https://images.gr-assets.com/books/1387708472l/1325761.jpg,Random House (NY),816,https://www.goodreads.com/book/show/1325761.Morgan,375501665,9.78038E+12,1999,3,30,2532,643,1999,,
1999,Nonfiction,READING THE HOLOCAUST,Inga Clendinnen,,,48840,27425,,Reading the Holocaust,https://images.gr-assets.com/books/1386923664l/48840.jpg,Cambridge University Press,238,https://www.goodreads.com/book/show/48840.Reading_the_Holocaust,521012694,9.78052E+12,2002,5,2,424,107,1999,1,1
1999,Nonfiction,SECRETS OF THE FLESH: A Life of Colette,Judith Thurman,,,89840,14851,,Secrets of the Flesh: A Life of Colette,https://images.gr-assets.com/books/1320509735m/89840.jpg,Ballantine Books,660,https://www.goodreads.com/book/show/89840.Secrets_of_the_Flesh,345371038,9.78035E+12,2000,10,31,4568,1173,1999,10,11
1999,Fiction,A STAR CALLED HENRY,Roddy Doyle,,,42718,10108,,A Star Called Henry,https://images.gr-assets.com/books/1348201768l/42718.jpg,Vintage,342,https://www.goodreads.com/book/show/42718.A_Star_Called_Henry,99284480,9.7801E+12,2000,9,7,26104,6829,1999,,
1998,Fiction,BIRDS OF AMERICA: Stories,Lorrie Moore,,,19631,11746,,Birds of America,https://images.gr-assets.com/books/1388641896l/19631.jpg,Picador USA,291,https://www.goodreads.com/book/show/19631.Birds_of_America,312241224,9.78031E+12,1999,9,23,47466,11528,1998,,
1998,Fiction,CLOUDSPLITTER,Russell Banks,,,26931,15128,,Cloudsplitter,https://images.gr-assets.com/books/1407708547l/26931.jpg,Harper Perennial,758,https://www.goodreads.com/book/show/26931.Cloudsplitter,60930861,9.78006E+12,1999,1,27,13101,3355,1998,,
1998,Nonfiction,LIFE: A Natural History of the First Four Billion Years of Life on Earth,Richard Fortey,,,373571,213020,,Life: A Natural History of the First Four Billion Years of Life on Earth,https://images.gr-assets.com/books/1403190266m/373571.jpg,Vintage,400,https://www.goodreads.com/book/show/373571.Life,037570261X,9.78038E+12,1999,9,7,9384,2319,1997,,
1998,Fiction,THE LOVE OF A GOOD WOMAN: Stories,Alice Munro,,,111151,6410,,The Love of a Good Woman,https://images.gr-assets.com/books/1364181686l/111151.jpg,Unknown,352,https://www.goodreads.com/book/show/111151.The_Love_of_a_Good_Woman,99287862,9.7801E+12,2000,3,2,22739,5616,1998,,
1998,Fiction,THE POISONWOOD BIBLE,Barbara Kingsolver,,,7244,3541,,The Poisonwood Bible,https://images.gr-assets.com/books/1412242487m/7244.jpg,Harper Perennial Modern Classics,546,https://www.goodreads.com/book/show/7244.The_Poisonwood_Bible,60786507,9.78006E+12,2005,7,5,2251366,559572,1998,9,24
1998,Fiction,PRESTON FALLS,David Gates,,,1040401,68607,,Preston Falls,https://images.gr-assets.com/books/1320471890m/1040401.jpg,Vintage,352,https://www.goodreads.com/book/show/1040401.Preston_Falls,679756434,9.78068E+12,1999,4,6,1745,478,1998,1,27
1998,Nonfiction,"TITAN: The Life of John D. Rockefeller, Sr",Ron Chernow,,,16121,9950,,"Titan: The Life of John D. Rockefeller, Sr.",https://images.gr-assets.com/books/1386925052l/16121.jpg,Vintage,832,https://www.goodreads.com/book/show/16121.Titan,1400077303,9.7814E+12,2004,3,30,37620,8992,1997,,
1998,Nonfiction,TO END A WAR,Richard Holbrooke,,,455632,255644,,To End a War: The Conflict in Yugoslavia--America's Inside Story--Negotiating with Milosevic (Modern Library Paperbacks),https://images.gr-assets.com/books/1320452768l/455632.jpg,Modern Library,456,https://www.goodreads.com/book/show/455632.To_End_a_War,375753605,9.78038E+12,1999,5,25,1552,390,1998,1,1
1998,Nonfiction,"THE UNKNOWN MATISSE: A Life of Henri Matisse: The Early Years, 1869-1908",Hilary Spurling,,,224953,118313,,"The Unknown Matisse, 1869-1908",https://images.gr-assets.com/books/1320505351m/224953.jpg,Knopf,512,https://www.goodreads.com/book/show/224953.The_Unknown_Matisse_1869_1908,375711333,9.78038E+12,2005,10,18,1591,382,1998,10,27
1998,Nonfiction,VICTOR HUGO,Graham Robb,,,63043,35444,,Victor Hugo: A Biography,https://images.gr-assets.com/books/1348954938l/63043.jpg,W. W. Norton  Company,720,https://www.goodreads.com/book/show/63043.Victor_Hugo,393318990,9.78039E+12,1999,5,17,495,122,1997,,
1998,Nonfiction,WE WISH TO INFORM YOU THAT TOMORROW WE WILL BE KILLED WITH OUR FAMILIES: Stories From Rwanda,Philip Gourevitch,,,11472,7372,,We Wish to Inform You That Tomorrow We Will Be Killed with Our Families,https://images.gr-assets.com/books/1442723264l/11472.jpg,Picador,356,https://www.goodreads.com/book/show/11472.We_Wish_to_Inform_You_That_Tomorrow_We_Will_Be_Killed_with_Our_Families,312243359,9.78031E+12,1999,9,1,82644,19201,1998,9,30
1997,Fiction,AMERICAN PASTORAL ,Philip Roth,,,11650,463,,"American Pastoral (The American Trilogy, #1)",https://images.gr-assets.com/books/1203002984m/11650.jpg,Vintage,432,https://www.goodreads.com/book/show/11650.American_Pastoral,99771810,9.7801E+12,1998,3,5,172516,44123,1997,,
1997,Nonfiction,AMERICAN SCRIPTURE: Making the Declaration of Independence,Pauline Maier,,,200836,117157,,American Scripture: Making the Declaration of Independence,https://images.gr-assets.com/books/1388243525l/200836.jpg,Vintage,336,https://www.goodreads.com/book/show/200836.American_Scripture,679779086,9.78068E+12,1998,5,26,3247,822,1997,5,26
1997,Fiction,THE BLUE FLOWER,Penelope Fitzgerald,,,11728,3222,,The Blue Flower,https://images.gr-assets.com/books/1442332207l/11728.jpg,Mariner Books,226,https://www.goodreads.com/book/show/11728.The_Blue_Flower,395859972,9.7804E+12,1997,4,15,10866,3128,1995,,
1997,Nonfiction,HUXLEY: From Devil's Disciple to Evolution's High Priest,Adrian Desmond,,,255021,8479801,,Huxley: From Devil's Disciple To Evolution's High Priest,https://images.gr-assets.com/books/1173191069l/255021.jpg,Basic Books,848,https://www.goodreads.com/book/show/255021.Huxley,738201405,9.78074E+12,1999,3,31,195,46,1995,1,1
1997,Nonfiction,INTO THIN AIR: A Personal Account of the Mount Everest Disaster,Jon Krakauer,,,1898,1235,,Into Thin Air: A Personal Account of the Mount Everest Disaster,https://images.gr-assets.com/books/1463384482l/1898.jpg,Anchor,337,https://www.goodreads.com/book/show/1898.Into_Thin_Air,385494785,9.78039E+12,1999,10,19,1232265,299780,1997,,
1997,Fiction,MASON & DIXON,Thomas Pynchon,,,413,235,,Mason & Dixon,https://images.gr-assets.com/books/1386925333l/413.jpg,Picador,773,https://www.goodreads.com/book/show/413.Mason_Dixon,312423209,9.78031E+12,2004,1,3,29916,7410,1997,,
1997,Fiction,THE PUTTERMESSER PAPERS,Cynthia Ozick,,,162950,43530,,The Puttermesser Papers,https://images.gr-assets.com/books/1172306725l/162950.jpg,,,https://www.goodreads.com/book/show/162950.The_Puttermesser_Papers,99289458,9.7801E+12,,,,3392,944,1997,5,27
1997,Fiction,TOWARD THE END OF TIME,John Updike,,,205054,6878,,Toward the End of Time,https://images.gr-assets.com/books/1304162426l/205054.jpg,Random House Value Publishing,,https://www.goodreads.com/book/show/205054.Toward_the_End_of_Time,517370301,9.78052E+12,1999,4,12,2926,893,1997,,
1997,Fiction,UNDERWORLD,Don DeLillo,,,11761,233,,Underworld,https://images.gr-assets.com/books/1334304280l/11761.jpg,Picador,827,https://www.goodreads.com/book/show/11761.Underworld,330369954,9.78033E+12,1998,,,86593,22107,1997,,
1997,Nonfiction,VIRGINIA WOOLF,Hermione Lee,,,18846,11341,,Virginia Woolf,https://images.gr-assets.com/books/1327984731m/18846.jpg,Vintage,893,https://www.goodreads.com/book/show/18846.Virginia_Woolf,375701362,9.78038E+12,1999,10,5,10853,2560,1996,10,15
1997,Nonfiction,THE WHOLE SHEBANG: A State-of-the-Universe(s) Report,Timothy Ferris,,,310330,4220886,,The Whole Shebang: A State-of-the-Universe(s) Report,https://images.gr-assets.com/books/1347278841m/310330.jpg,Simon  Schuster,400,https://www.goodreads.com/book/show/310330.The_Whole_Shebang,684838613,9.78068E+12,1998,7,6,7602,1879,1997,5,2
1996,Fiction,AFTER RAIN,William Trevor,,,493323,16002,,After Rain,https://images.gr-assets.com/books/1348828963l/493323.jpg,Penguin,212,https://www.goodreads.com/book/show/493323.After_Rain,140258345,9.78014E+12,1997,9,4,4453,1072,1996,,
1996,Nonfiction,ANGELA'S ASHES: A Memoir,Frank McCourt,,,252577,3347,,"Angela's Ashes (Frank McCourt, #1)",https://images.gr-assets.com/books/1348317139l/252577.jpg,Harper Perennial,432,https://www.goodreads.com/book/show/252577.Angela_s_Ashes,7205236,9.78001E+12,2005,10,3,1690852,415178,1996,,
1996,Nonfiction,BAD LAND: An American Romance,Jonathan Raban,,,497183,140886,,Bad Land: An American Romance,https://images.gr-assets.com/books/1340653860m/497183.jpg,Vintage,384,https://www.goodreads.com/book/show/497183.Bad_Land,679759069,9.78068E+12,1997,10,7,4247,1072,1985,,
1996,Fiction,THE COLLECTED STORIES OF MAVIS GALLANT,Mavis Gallant,,,398586,99482,,Collected Stories of Mavis Gallant,https://s.gr-assets.com/assets/nophoto/book/111x148-bcc042a9c91a29c1d680899eff700a03.png,Modern Library,0,https://www.goodreads.com/book/show/398586.Collected_Stories_of_Mavis_Gallant,375752307,9.78038E+12,1999,7,1,534,119,1996,,
1996,Nonfiction,"THE LIFE OF NELSON A. ROCKEFELLER: Worlds to Conquer, 1908-1958",Cary Reich,,,391221,212208,,"The Life of Nelson A. Rockefeller: Worlds to Conquer, 1908-1958",https://images.gr-assets.com/books/1387714778l/391221.jpg,DoubleDay,896,https://www.goodreads.com/book/show/391221.The_Life_of_Nelson_A_Rockefeller,038524696X,9.78039E+12,1996,10,1,98,25,1996,10,1
1996,Fiction,THE MOOR'S LAST SIGH,Salman Rushdie,,,9865,3299,,The Moor's Last Sigh,https://images.gr-assets.com/books/1359386233m/9865.jpg,Vintage,434,https://www.goodreads.com/book/show/9865.The_Moor_s_Last_Sigh,009959241X,9.7801E+12,1996,7,4,41794,10653,1995,,
1996,Fiction,SELECTED STORIES,Alice Munro,,,14281,6410,,Selected Stories,https://images.gr-assets.com/books/1351625575m/14281.jpg,Vintage,688,https://www.goodreads.com/book/show/14281.Selected_Stories,067976674X,9.78068E+12,1997,11,11,23034,5357,1994,,
1996,Nonfiction,THE SONG OF THE DODO: Island Biogeography in an Age of Extinctions,David Quammen,,,546725,32307,,The Song Of The Dodo: Island Biogeography In An Age Of Extinctions,https://images.gr-assets.com/books/1348638349l/546725.jpg,Scribner,704,https://www.goodreads.com/book/show/546725.The_Song_Of_The_Dodo,684827123,9.78068E+12,1997,4,14,24350,5705,1996,8,15
2004,Fiction,GILEAD,Marilynne Robinson,,,68210,7491,,"Gilead (Gilead, #1)",https://images.gr-assets.com/books/1451555787l/68210.jpg,Picador,247,https://www.goodreads.com/book/show/68210.Gilead,031242440X,9.78031E+12,2006,1,10,222002,57827,2004,10,28
2004,Fiction,THE MASTER,Colm Toibin,,,43691,1351903,,The Master,https://images.gr-assets.com/books/1400931609m/43691.jpg,Scribner,339,https://www.goodreads.com/book/show/43691.The_Master,743250419,9.78074E+12,2005,5,3,27704,7234,2004,3,14
2004,Fiction,THE PLOT AGAINST AMERICA,Philip Roth,,,703,463,,The Plot Against America,https://images.gr-assets.com/books/1327711853m/703.jpg,Vintage,391,https://www.goodreads.com/book/show/703.The_Plot_Against_America,1400079497,9.7814E+12,2005,9,27,106678,28811,2004,10,5
2004,Fiction,RUNAWAY,Alice Munro,,,14280,6410,,Runaway,https://images.gr-assets.com/books/1431005856m/14280.jpg,Vintage,335,https://www.goodreads.com/book/show/14280.Runaway,1400077915,9.7814E+12,2005,11,8,62491,15693,2004,,
2004,Fiction,SNOW,Orhan Pamuk,Maureen Freely,,11691,1728,,Snow,https://images.gr-assets.com/books/1357684424l/11691.jpg,Vintage International,463,https://www.goodreads.com/book/show/11691.Snow,375706860,9.78038E+12,2005,8,,107166,30203,2002,,
2004,Fiction,WAR TRASH,Ha Jin,,,14729,8055,,War Trash,https://images.gr-assets.com/books/1386922155l/14729.jpg,Vintage,368,https://www.goodreads.com/book/show/14729.War_Trash,1400075793,9.7814E+12,2005,5,10,10523,2788,2004,1,1
2004,Nonfiction,ALEXANDER HAMILTON ,Ron Chernow,,,16130,9950,,Alexander Hamilton,https://images.gr-assets.com/books/1436131915l/16130.jpg,Penguin Books,731,https://www.goodreads.com/book/show/16130.Alexander_Hamilton,143034758,9.78014E+12,2005,3,29,211010,49615,2004,4,26
2004,Nonfiction,CHRONICLES: Volume One,Bob Dylan,,,14318,8898,,"Chronicles, Vol. 1",https://images.gr-assets.com/books/1348218030l/14318.jpg,Simon & Schuster,320,https://www.goodreads.com/book/show/14318.Chronicles_Vol_1,743244583,9.78074E+12,2005,9,13,150449,37762,2004,11,12
2004,Nonfiction,WASHINGTON'S CROSSING,David Hackett Fischer,,,1206073,5062,,Washington's Crossing,https://images.gr-assets.com/books/1353284022m/1206073.jpg,"Oxford University Press, USA",564,https://www.goodreads.com/book/show/1206073.Washington_s_Crossing,195170342,195170342,2004,2,12,44793,10899,2003,12,1
2004,Nonfiction,WILL IN THE WORLD: How Shakespeare Became Shakespeare,Stephen Greenblatt,,,25622782,4194881,,Will in the World: How Shakespeare Became Shakespeare,https://images.gr-assets.com/books/1457121871m/25622782.jpg,W. W. Norton  Company,464,https://www.goodreads.com/book/show/25622782-will-in-the-world,393352609,9.78039E+12,2016,4,4,25652,6550,2004,,
2017,Fiction,Autumn,Ali Smith,,,28446947,68992,,Autumn,https://images.gr-assets.com/books/1456560519m/28446947.jpg,Hamish Hamilton,264,https://www.goodreads.com/book/show/28446947-autumn,241207002,9.78024E+12,2016,10,20,38303,10259,2016,10,20
2017,Fiction,Exit West,Mohsin Hamid,,,30688435,16902,,Exit West,https://images.gr-assets.com/books/1477324680m/30688435.jpg,Riverhead,240,https://www.goodreads.com/book/show/30688435-exit-west,735212171,9.78074E+12,2017,3,7,103347,27086,2017,3,2
2017,Fiction,Pachinko,Min Jin Lee,,,29983711,378209,,Pachinko,https://images.gr-assets.com/books/1462393298m/29983711.jpg,Grand Central Publishing,496,https://www.goodreads.com/book/show/29983711-pachinko,1455563935,9.78146E+12,2017,2,7,45801,10929,2017,2,7
2017,Fiction,The Power,Naomi Alderman,,,29751398,118226,,The Power,https://images.gr-assets.com/books/1462814013m/29751398.jpg,Viking,288,https://www.goodreads.com/book/show/29751398-the-power,670919985,9.78067E+12,2016,10,27,65200,16655,2016,10,27
2017,Fiction,"Sing, Unburied, Sing",Jesmyn Ward,,,32920226,1676417,,"Sing, Unburied, Sing",https://images.gr-assets.com/books/1499340866m/32920226.jpg,Scribner,285,https://www.goodreads.com/book/show/32920226-sing-unburied-sing,1501126067,9.7815E+12,2017,9,5,29103,7033,2017,9,5
2017,Nonfiction,The Evolution of Beauty: How Darwinï¿½ï¿½ï¿½s Forgotten Theory of Mate Choice Shapes the Animal World ï¿½ï¿½ï¿½ï¿½ï¿½_ï¿½ï¿½ï¿½ï¿½ï¿½_ and Us,Richard O. Prum,,,31624963,16819826,,The Evolution of Beauty: How Darwin's Forgotten Theory of Mate Choice Shapes the Animal World - And Us,https://images.gr-assets.com/books/1474521170m/31624963.jpg,Doubleday Books,400,https://www.goodreads.com/book/show/31624963-the-evolution-of-beauty,385537212,9.78039E+12,2017,5,9,601,147,2017,5,9
2017,Nonfiction,Grant,Ron Chernow,,,34237826,9950,,Grant,https://images.gr-assets.com/books/1488289288m/34237826.jpg,Penguin Press,1104,https://www.goodreads.com/book/show/34237826-grant,159420487X,9.78159E+12,2017,10,17,2616,569,2017,10,17
2017,Nonfiction,Locking Up Our Own: Crime and Punishment in Black America,James Forman Jr.,,,34846249,15189032,,Locking Up Our Own: Crime and Punishment in Black America,https://s.gr-assets.com/assets/nophoto/book/111x148-bcc042a9c91a29c1d680899eff700a03.png,"Farrar, Straus and Giroux",320,https://www.goodreads.com/book/show/34846249-locking-up-our-own,374189978,9.78037E+12,2017,4,18,1103,254,2017,4,18
2017,Nonfiction,Prairie Fires: The American Dreams of Laura Ingalls Wilder,Caroline Fraser,,,33911349,147216,,Prairie Fires: The American Dreams of Laura Ingalls Wilder,https://images.gr-assets.com/books/1499741011m/33911349.jpg,Metropolitan Books,640,https://www.goodreads.com/book/show/33911349-prairie-fires,1627792767,9.78163E+12,2017,11,14,385,89,2017,11,14
2017,Nonfiction,Priestdaddy,Patricia Lockwood,,,31920820,5220577,,Priestdaddy: A Memoir,https://images.gr-assets.com/books/1481223015m/31920820.jpg,,336,https://www.goodreads.com/book/show/31920820-priestdaddy,1594633738,9.78159E+12,2017,5,2,9322,2415,2017,5,2